MovieName,Year
Mouna Guru,2011
7 Aum Arivu,2011
Vaagai Sooda Vaa,2011
Mankatha,2011
Kanchana: Muni 2,2011
Deiva Thirumagal,2011
Vaanam,2011
Ko,2011
Payanam,2011
Yutham Sei,2011
Aadukalam,2011
Naduvula Konjam Pakkatha Kaanom,2012
Thuppakki,2012
Pizza,2012
Naan,2012
The Fly,2012
Kalakalappu,2012
Vazhakku Enn 18/9,2012
Kumki,2012
Neethaane En Ponvasantham,2012
Thalaimuraigal,2013
Biriyani,2013
Ivan Veramaathiri,2013
Kalyana Samayal Saadham,2013
Irandam Ulagam,2013
Pandiya Naadu,2013
Arrambam,2013
Onaayum Aattukkuttiyum,2013
Raja Rani,2013
6 Candles,2013
Moodar Koodam,2013
Varuthapadatha Valibar Sangam,2013
Thanga Meengal,2013
Aadhalal Kadhal Seiveer,2013
Maryan,2013
Singam 2,2013
Theeya Velai Seiyyanum Kumaru,2013
Neram,2013
Soodhu Kavvum,2013
Ethir Neechal,2013
Kedi Billa Killadi Ranga,2013
Paradesi,2013
Kaakkaa Muttai,2014
Kayal,2014
Pisasu,2014
Lingaa,2014
Kaaviya Thalaivan,2014
Kaththi,2014
Jeeva,2014
Madras,2014
Kathai Thiraikathai Vasanam Iyakkam,2014
Jigarthanda,2014
Velaiilla Pattadhari,2014
Sathuranga Vettai,2014
Saivam,2014
Mundaasupatti,2014
Kochadaiiyaan,2014
Cuckoo,2014
Thegidi,2014
Pannaiyarum Padminiyum,2014
Goli Soda,2014
Veeram,2014
Rajini Murugan,2015
Visaaranai,2015
Pasanga 2,2015
Thoongaavanam,2015
Naanum Rowdy Thaan,2015
Kuttram Kadithal,2015
Kirumi,2015
Maya,2015
Thani Oruvan,2015
Papanasam,2015
Indru Netru Naalai,2015
Demonte Colony,2015
36 Vayadhinile,2015
Uttama Villain,2015
Kanchana 2,2015
OK Kanmani,2015
Rajathandhiram,2015
Enakkul Oruvan,2015
Press 1 for Tamil,2015
Yennai Arindhaal,2015
I,2015
Dhuruvangal Pathinaaru,2016
Chennai 600028 Second Innings,2016
Achcham Yenbadhu Madamaiyada,2016
Ammani,2016
Aandavan Kattalai,2016
Kuttrame Thandanai,2016
Dharmadurai,2016
Joker,2016
Kabali,2016
Metro,2016
Iraivi,2016
Uriyadi,2016
24,2016
Theri,2016
Oopiri,2016
Kadhalum Kadanthu Pogum,2016
Pichaikkaran,2016
Saala Khadoos,2016
Crime 23,2017
Muthuramalingam,2017
Dream Factory,2017
Yaman,2017
Ennodu Vilayadu,2017
Kadhal Kan Kattudhe,2017
Pagadi Aattam,2017
Rum,2017
Singam 3,2017
Bogan,2017
Enakku Vaaitha Adimaigal,2017
Koditta Idangalai Nirappuga,2017
Adhe Kangal,2017
Bairavaa,2017
Lens,2017
Aruvi,2017
Ulkuththu,2017
Balloon,2017
Kalavaadiya Pozhuthugal,2017
Velaikkaran,2017
Sakka Podu Podu Raja,2017
Bhrama.com,2017
Chennai 2 Singapore,2017
12-12-1950,2017
Kodiveeran,2017
Richie,2017
Annadurai,2017
Thiruttu Payale 2,2017
English Padam,2017
Indrajith,2017
En Aaloda Seruppa Kaanom,2017
Theeran Adhigaram Ondru,2017
C/o Surya,2017
Ippadai Vellum,2017
Aramm,2017
The House Next Door,2017
Vizhithiru,2017
Kadaisi Bench Karthi,2017
Mersal,2017
Meyaadha Maan,2017
Solo,2017
Hara Hara Mahadevaki,2017
Karuppan,2017
Spyder,2017
Bayama Irukku,2017
Aayirathil Iruvar,2017
Kalavu Thozhirchalai,2017
Veedevadu,2017
Thupparivaalan,2017
Kathanayagan,2017
Neruppu Da,2017
Kurangu Bommai,2017
Maayavan,2017
Puriyaatha Puthir,2017
Vivegam,2017
Thappu Thanda,2017
Taramani,2017
Velaiyilla Pattathari 2,2017
Podhuvaga En Manasu Thangam,2017
Kootathil Oruthan,2017
Nibunan,2017
Meesaya murukku,2017
Vikram Vedha,2017
Rubaai,2017
Magalir Mattum,2017
Pandigai,2017
Thiri,2017
Gemini Ganesanum Suruli Rajanum,2017
Chennaiyil Oru Naal 2,2017
Ivan Thanthiran,2017
Adhagappattathu Magajanangalay,2017
Yaanum Theeyavan,2017
Vanamagan,2017
Anbanavan Asaradhavan Adangadhavan,2017
Maragatha Nananya Adventure,2017
Uru,2017
Peechaankai,2017
Rangoon,2017
Sathriyan,2017
Bongu,2017
Oru Kidayin Karunai Manu,2017
Oru Iyakkunarin Kadhal Diary,2017
7 Naatkal,2017
Thondan,2017
Brindavanam,2017
Inayathalam,2017
Sangili Bungili Kadhava Thorae,2017
Yeidhavan,2017
Saravanan Irukka Bayamaen,2017
Enga Amma Rani,2017
Baahubali 2: The Conclusion,2017
Nagarvalam,2017
Sathya,2017
Kadamban - Taqatwar,2017
Sivalinga - Kanchana Returns,2017
Power Paandi,2017
8 Thottakkal,2017
Kaatru Veliyidai,2017
Dora,2017
Kavan,2017
Kadugu,2017
Paambhu Sattai,2017
Dhayam,2017
Vaigai Express,2017
Julieum 4 Perum,2017
Bruce Lee,2017
Kattappava Kanom,2017
Oru Mugathirai,2017
Maanagaram,2017
ACP Shiva,2017
Mupparimanam,2017
Yaakkai,2017
Peranbu,2018
Maari 2,2018
Adanga Maru,2018
Kanaa,2018
Seethakaathi,2018
Thuppakki Munai,2018
Kaatrin Mozhi,2018
Sarkar,2018
Pandem Kodi 2,2018
Vada Chennai,2018
Aan Devathai,2018
Raatchasan,2018
Nota,2018
96,2018
Pariyerum Perumal,2018
Chekka Chivantha Vaanam,2018
Raja Ranguski,2018
Saamy Square,2018
U Turn,2018
Seema Raja,2018
Imaikkaa Nodigal,2018
Lakshmi,2018
Odu Raja Odu,2018
Kolamavu Kokila,Comedy,2018
Pyaar Prema Kaadhal,2018
Vishwaroopam 2,2018
Ghajinikanth,2018
Junga,2018
Mohini,2018
Chinababu,2018
Tamizh Padam 2.0,2018
Goli Soda 2,2018
Iravukku Aayiram Kangal,2018
Irumbu Thirai,2018
Mahanati,2018
Iruttu Araiyil Murattu Kuthu,2018
Kaala,2018
Karu,2018
Mercury,2018
Tik Tik Tik,2018
6 Athiyayam,2018
Naachiyaar,2018
Savarakathi,2018
Kalakalappu 2,2018
Merku Thodarchi Malai,2018
Bhaagamathie,2018
Nimir,2018
Oru Nalla Naal Paathu Solren,2018
Thaanaa Serndha Koottam,2018
Sketch,2018
Enai Noki Paayum Thota,2019
Adithya Varma,2019
Kaithi,2019
Bigil,2019
100% Kadhal,2019
Asuran,2019
Kaappaan,2019
Magamuni,2019
Saaho,2019
Sixer,2019
Bakrid,2019
Kennedy Club,2019
Comali,2019
Nerkonda Paarvai,2019
Jackpot,2019
A1,2019
Aame,2019
Kadaram Kondan,2019
Sivappu Manjal Pachai,2019
Gurkha,2019
Vennila Kabaddi Kuzhu 2,2019
Bodhai Yeri Budhi Maari,2019
Kalavani 2,2019
Raatchasi,2019
Jiivi,2019
Dharma Prabhu,2019
House Owner,2019
Sindhubaadh,2019
Thumbaa,2019
Game Over,2019
Kolaigaran,2019
NGK,2019
Devi 2,2019
Neeya 2,2019
Ayogya,2019
Kee,2019
K-13,2019
Mr. Local,2019
100,2019
Vellai Pookal,2019
Mehandi Circus,2019
Kanchana 3,2019
Gangs Of Madras,2019
Uriyadi 2,2019
Kuppathu Raja,2019
Natpe Thunai,2019
Super Deluxe,2019
Airaa,2019
Agni Devi,2019
Nedunalvaadai,2019
Ispade Rajavum Idhaya Raniyum,2019
Sathru,2019
Boomerang,2019
Thadam,2019
90 ML,2019
LKG,2019
Vantha Rajavathaan Varuven,2019
Dhilluku Dhuddu 2,2019
Dev,2019
Charlie Chaplin 2,2019
Petta,2019
Viswasam,2019
Ayya Ullen Ayya,2020
Anantha Veedu,2020
En Sangathu Aala Adichavan Evanada,2020
Kadhal Vizhigal,2020
Pachai Vilakku,2020
Pizhai,2020
Thedu,2020
Thottu Vidum Thooram,2020
Darbar,2020
Pattas,2020
Psycho,2020
Rajavukku Check,2020
Taana,2020
Dagaalty,2020
Maayanadhi,2020
Utraan,2020
Vanmurai,2020
Naadodigal 2,2020
Adavi,2020
Pulikodi Devan,2020
Sandimuni,2020
Seeru,2020
Vaanam Kottattum,2020
Day Knight,2020
Naan Sirithaal,2020
Oh My Kadavule,2020
Baaram,2020
God Father ,2020
Kutty Devathai,2020
Kanni Maadam,2020
Mafia: Chapter 1 ,2020
Meendum Oru Mariyathai,2020
Draupathi,2020
Galtha,2020
Irumbu Manithan,2020
Kadalil Kattumaramai,2020
Kannum Kannum Kollaiyadithaal,2020
College Kumar,2020
Ettuthikkum Para,2020
Gypsy,2020
Indha Nilai Maarum,2020
Velvet Nagaram,2020
Alti,2020
Asuraguru,2020
Dharala Prabhu,2020
Kayiru,2020
Thanchamada Nee Yenakku,2020
Walter,2020
Sethum Aayiram Pon,2020
Ponmagal Vandhal,2020
Mamakiki,2020
Penguin,2020
Yaadhumagi Nindraai,2020
Cocktail,2020
Hawala,2020
Danny,2020
Lock Up,2020
Onbathu Kuzhi Sampath,2020
Madham,2020
Ka Pae Ranasingam,2020
Silence,2020
Varmaa,2020
Putham Pudhu Kaalai,2020
Patra Vaitha Nerupondru,2020
Nungambakkam,2020
Soorarai Pottru,2020
Biskoth,2020
Irandam Kuththu,2020
Marijuana,2020
Mookuthi Amman,2020
Naanga Romba Busy,2020
Thatrom Thookrom,2020
Puranagar,2020
Quota,2020
Routtu,2020
Andhaghaaram,2020
13aam Number Veedu,2020
Theeviram,2020
Aarvakolaru,2020
Dhowalath,2020
Kavalthurai Ungal Nanban,2020
Yen Peyar Anandhan,2020
Ithu En Kathal Puthakam,2020
Kadathal Kaaran,2020
Kanni Raasi,2020
Soodu ,2020
Biya,2020
KaruppanKAttu Valasu,2020
Kombu,2020
Mei Maranthen,2020
Miya,2020
Thiruvalar Panchangam,2020
Kallathanam,2020
Selathu Ponnu,2020
Sollunganne Sollunga,2020
Vaazhthugiren,2020
Chithirame Solladi,2020
Chiyangal,2020
Enakku Onnu Therinjaakanum,2020
Manthira Palagai,2020
Ooratchi Ondriyam,2020
Oru Pakka Kathai,2020
Thappa Yosikadheenga,2020
Thoonga Kangal,2020
Time Up,2020
Uyirkkodi,2020
Vaanga Padam Paarkalam,2020
Aathikka Varkkam,2021
Pei Irukka Bayamen,2021
Kulasekara Pattinam,2021
Maara,2021
Pachaikili,2021
V,2021
Master,2021
Bhoomi,2021
Eeswaran,2021
Pulikkuthi Pandi,2021
E P KO 306,2021
Enga Ooru Pookari,2021
Kabadadaari,2021
Keelakadu,2021
Kook Giramam,2021
Sencholai,2021
Aatkal Thevai,2021
Chidambaram Railway Gate,2021
Kalathil Santhippom,2021
Trip,2021
C/o Kaadhal,2021
Idhu Vibathu Paghuthi,2021
Kasa Kasaa,2021
Kutty Story,2021
Naanum Single Thaan,2021
Parris Jeyaraj,2021
Aangal Jakiradhai,2021
Chakra,2021
Kamali From Nadukkaveri,2021
Loka,2021
Pazhagiya Naatkal,2021
Sillu Vandugal,2021
Calls,2021
Centha,2021
Chennayil Oda Oda,2021
Paathi Unakku Paathi Enakku,2021
Sangathalaivan,2021
Sariya Thavara,2021
Vettai Naai,2021
Aelay,2021
Anbirkiniyal,2021
Dola,2021
Mirugaa,2021
Nenjam Marappathillai,2021
Oru Kudaikul,2021
Seithi Thaal,2021
Aadhangam,2021
Boom Boom Kaalai,2021
Ganesapuram,2021
Teddy,2021
Theethum Nandrum,2021
Kadampari.2021
Meendum Yathra,2021
Michaelpatty Raja,2021
Namma Oorukku Ennadhan Achu,2021
Thaen,2021
Irai Thedal,2021
Engada Iruthinga Ivvalavu Naala,2021
Ennathaan Un Kathai,2021
Kaadan,2021
Roommate,2021
Thodakkam,2021
Call Taxi,2021
Manja Satta Pacha Satta,2021
Sulthan,2021
Mandela,2021
Karnan,2021
Sarbath,2021
Mathil,2021
Paramapadham Vilayattu,2021
Chasing,2021
Munna,2021
Vanakkam Da Mappillai,2021
Nayae Peyae,2021
Papillon,2021
Malaysia to Amnesia,2021
Jagame Thandhiram,2021
Methagu,2021
Maadathy,2021
Vellai Yaanai,2021
Vaazhl,2021
Sarpatta Parambarai,2021
Thittam Irandu,2021
Sennai,2021
Netrikann,2021
Boomika,2021
Kasada Thapara,2021
Ashvamithra,2021
Alpha Adimai,2021
Devadas Brothers,2021
Laabam,2021
Dikkiloona,2021
Thalaivii,2021
Tughlaq Durbar,2021
Iruvar Ullam,2021
Annabelle Sethupathi,2021
Friendship,2021
Kodiyil Oruvan,2021
Choo Mandhirakaali,2021
Chinnanjiru Kiliye,2021
Cinderella,2021
Naduvan,2021
Pei Mama,2021
Pirar Thara Vaaraa,2021
Raame Aandalum Raavane Aandalum,2021
Veerapuram 220,2021
Sivakumarin Sabadham,2021
Lift,2021
Rudra Thandavam,2021
Endraavathu Oru Naal,2021
Agaligai,2021
Appathava Aattaya Pottutanga,2021
Dham Dhum Kalyanam,2021
Mughizh,2021
Doctor,2021
Vinodhaya Sitham,2021
Aranmanai 3,2021
Udanpirappe,2021
Agadu,2021
Filter Gold,2021
Insha Allah,2021
Kaayam,2021
Kattam Solludhu,2021
Naruvi,2021
Oh Manapenne!,2021
4 Sorry,2021
Chinna Pannai Periya Pannai,2021
IPC 376,2021
Mullil Panithuli,2021
Yennanga Sir Unga Sattam,2021
Jai Bhim,2021
Annaatthe,2021
Enemy,2021
MGR Magan,2021
Operation Jujupi,2021
Adayala Meetpu,2021
Cinema Kanavugal,2021
Jango,2021
Kadaseela Biriyani,2021
Pon Manickavel,2021
Sabhaapathy.2021
Singapaarvai,2021
Maanaadu,2021
Ainthu Unarvugal,2021
Raajavamsam,2021
Rs 2000,2021
Sivaranjiniyum Innum Sila Pengalum,2021
Vanam,2021
Aal Illatha Oorla Annanthan MLA,2021
Bachelor,2021
Chithirai Sevvaanam,2021
Kayamai Kadakka,2021
Jail,2021
3:33,2021
Anti Indian,2021
Ikk,2021
Murungakkai Chips,2021
Oomai Sennaai,2021
Uthra,2021
Irudhi Pakkam,2021
Minmini,2021
R23 Criminal's Diary,2021
Varisi,2021
Rocky,2021
Anandham Vilayadum Veedu,2021
Blood Money,2021
Thalli Pogathey,2021
Thuneri,2021
Writer,2021
Plan Panni Pannanum,2021
Chillaattaa,2021
EPCO 302,2021
Kaatupura,2021
Karaiyerum Kanavugal,2021
Labour,2021
Madurai Manikuravar,2021
Meendum,2021
Mounika,2021
Obama Ungalukkaaga,2021
Onaan,2021
Sarkarai Thookalai Oru Punnagai,2021
Tamil Rockers,2021
Thanne Vandi,2021
Theerpugal Virkapadum,2021
Velan,2021
Pushpa: The Rise,2021
Galatta Kalyaanam,2021
Adangamai,2022
Anbarivu,2022
Idarinum Thalarinum,2022
Pen Vilai Verum 999 Rubai Mattume,2022
Carbon,2022
Enna Solla Pogirai,2022
Kombu Vatcha Singamda,2022
Naai Sekar,2022
Theal,2022
AGP Schizophrenia,2022
Marutha,2022
Mudhal Nee Mudivum Nee,2022
Kondruvidava,2022
Narai Ezhuthum Suyasaritham,2022
Sila Nerangalil Sila Manidhargal,2022
Arasiyal Sathurangam,2022
Pandrikku Nandri Solli,2022
Saayam,2022
Veeramae Vaagai Soodum,2022
Yaaro,2022
Anbulla Ghilli,2022
Mahaan,2022
Astakarmma,2022
FIR,2022
Kadaisi Vivasayi,2022
Koorman,2022
Vidiyadha Iravondru Vendum,2022
Veerapandiyapuram,2022
Valimai,2022
Hey Sinamika,2022
Etharkkum Thunindhavan,2022
Clap,2022
Maaran,2022
Kallan,2022
Kuthiraivaal,2022
Yutha Satham,2022
Achcham Madam Naanam Payirppu,2022
Idiot,2022
Manmadha Leelai,2022
Poo Sandi Varan,2022
Selfie,2022
Taanakkaran,2022
Beast,2022
Kuttram Kuttrame,2022
Oh My Dog,2022
Hostel,2022
Kaathuvaakula Rendu Kaadhal,2022
Amaichar,2022
Divya Meedhu Kadhal,2022
Kathir,2022
Payanigal Gavanikkavum,2022
Akka Kuruvi,2022
Koogle Kuttappa,2022
Saani Kaayidham,2022
Thunikaram,2022
Visithiran,2022
Ayngaran,2022
Don,2022
Ranga,2022
Nenjuku Needhi,2022
Paruva Kadhal,2022
Take Diversion,2022
Chota,2022
Grandma,2022
Patravan,2022
Pothanur Thabal Nilayam,2022
Seththumaan,2022
Uzhaikkum Kaigal,2022
Vaaitha,2022
Vishamakaran,2022
Vikram,2022
Kapalikaram,2022
Kundas,2022
O2,2022
Vanjithinai,2022
Veetla Vishesham,2022
Maamanithan,2022
Maayon,2022
Pattampoochi,2022
Polama Oorkolam,2022
Vezham,2022
D Block,2022
Rocketry: The Nambi Effect,2022
Yaanai,2022
1945 ,2022
Bestie,2022
Foreign Sarakku,2022
Jananayagam Virpanaikku Alla,2022
Kichi Kichi,2022
Naadhiru Dhinna,2022
Otru,2022
Padaippalan,2022
Panni Kutty,2022
Watch,2022
The Warriorr,2022
Gargi,2022
Iravin Nizhal,2022
My Dear Bootham,2022
Bhoothamangalam Post,2022
Dejavu,2022
Maha,2022
Nadhi,2022
Sivi 2,2022
Ward 126,2022
Jothi,2022
The Legend,2022
Battery,2022
Gulu Gulu,2022
Kolathuran,2022
Vattam,2022
Yenni Thuniga,2022
Kaatteri,2022
Kuruthi Aattam,2022
Last 6 Hours ,2022
My Dear Lisa,2022
Poikkal Kudhirai,2022
Vattakara,2022
Cadaver,2022
Kadamaiyai Sei,2022
Viruman,2022
Yudha Kandam,2022
Thiruchitrambalam,2022
Jiivi 2,2022
Mayathirai,2022
Methagu 2,2022
Company,2022
Diary,2022
Eppo Kalyanam,2022
John Ahiya Naan,2022
Cobra,2022
Natchathiram Nagargiradhu,2022
Captain,2022
Idhuthaan Kaadhala,2022
Kanam,2022
Lilly Rani,2022
Not Reachable,202
Riya - The Haunted House,2022
Vendhu Thanindhathu Kaadu,2022
Doodi,2022
Sinam,2022
Aadhaar,2022
Buffoon,2022
Drama,2022
Kuzhali,2022
Rendagam,2022
Trigger,2022
Naane Varuvean,2022
Ponniyin Selvan: I,2022
Pistha,2022
Ree,2022
Aattral,2022
Kadhalicha Thappa,2022
Mugamariyaan,2022
Repeat Shoe,2022
Sanjeevan,2022
Super Senior Heroes,2022
Prince,2022
Sardar,2022
Kaalangalil Aval Vasantham,2022
4554,2022
Coffee with Kadhal,2022
Kanden Unnai Thanthen Ennai,2022
Love Today,2022
Nitham Oru Vaanam,2022
One Way,2022
Miral,2022
Nanbaa,2022
Parole,2022
Thirumayee,2022
2323 The Beginning,2022
Anel Meley Pani Thuli,2022
Gethule,2022
Gingee,2022
Kalaga Thalaivan,2022
Karotiyin Kadhali,2022
Naan Mirugamaai Maara,2022
Nokka Nokka,2022
Yugi,2022
Agent Kannayiram,2022
Auto Is My Life,2022
Kaari,2022
Ottam,2022
Pattathu Arasan,2022
Powder,2022
Thoppukaranam,2022
Coffee,2022
DSP,2022
Gatta Kusthi,2022
Manja Kuruvi,2022
Rivet,2022
Therkathi Veeran,2022
Dha Dha,2022
Dr. 56 ,2022
Estate,2022
Evil,2022
Gurumoorthi,2022
Naai Sekar Returns,2022
Rathasaatchi,2022
Sree Raja Manikandan,2022
Varalaru Mukkiyam,2022
Witness,2022
181,2022
Camera Error,2022
Katchikkaaran,2022
Magalir Maanbu,2022
Connect,2022
Laththi,2022
Enjoy,2022
Jasper,2022
Mr Daddy,2022
Nedu Neer,2022
Paasakaara Paya,2022
Peya Kaanom,2022
Project C (Chapter 2),2022
Aruvaa Sanda,2022
College Road,2022
Driver Jamuna,2022
Kadaisi Kadhal Kadhai,2022
Oh My Ghost,2022
Raangi,2022
Sakunthalavin Kadhalan,2022
Sembi,2022
Udanpaal,2022
Dear Death,2023
Vindhya Victim Verdict V3,2023
Thunivu,2023
Varisu,2023
Vallavanukkum Vallavan,2023
Beginning,2023
Meippada Sei,2023
Bommai Nayagi,2023
Michael,2023
Naan Kadavul Illai,2023
Naan Yaar Theriyuma,2023
Run Baby Run,2023
Thalaikoothal,2023
The Great Indian Kitchen,2023
Dada,2023
Kodai,2023
Koottam,2023
Ninaive Nee,2023
Varnashramam,2023
Vasantha Mullai,2023
Bakasuran,2023
Moondram Pournami,2023
Vaathi,2023
Kuttram Purinthal,2023
Om Vellimalai,2023
Single Shankarum Smartphone Simranum,2023
Thugs,2023
Ariyavan,2023
Ayothi,2023
Bagheera,2023
Kidugu,2023
Pallu Padama Paathuka,2023
Vizhithelu,2023
Kannitheevu,2023
Agilan,2023
Beauty,2023
Irumban,2023
Kondraal Paavam,2023
Maan Vettai,2023
Memories,2023
D3,2023
Ghosty,2023
Kannai Nambathey,2023
Katradhu Mara,2023
Raja Magal,2023
N4,2023
Parundhaaguthu Oor Kuruvi,2023
Venkat Puthiyavan,2023
Ellaam Mela Irukuravan Paathuppan,2023
Pathu Thala,2023
Viduthalai: Part 1,2023
August 16 1947,2023
Burqa,2023
Ithu Kathaiyalla Nijam,2023
Munthiri Kaadu,2023
Racer,2023
Thalaikavasamum 4 Nanbargalum,2023
Yevan,2023
Yosi,2023
Irandil Ondru Parthuvidu,2023
Ripupbury,2023
Rudhran,2023
Soppana Sundari,2023
Thiruvin Kural,2023
Deiva Machan,2023
Jambu Maharishi,2023
Maaveeran Pillai,2023
Yaanai Mugathaan,2023
Yaathisai,2023
Tamilarasan,2023
Ponniyin Selvan: II,2023
Thudikkuthu Pujam,2023
Eppodhum Ava Nenaipu,2023
Kulasami,2023
Theerkadarishi,2023
Uruchidhai,2023
Custody,2023
Farhana,2023
Good Night,2023
Raavana Kottam,2023
Siruvan Samuel,2023
Karungaapiyam,2023
Maruthi Nagar Police Station,2023
Pichaikkaran 2,2023
Yaadhum Oore Yaavarum Kelir,2023
1982 Anbarasin Kaadhal,2023
Kazhuvethi Moorkkan,2023
Theera Kaadhal,2023
Boo,2023
Kasethan Kadavulada,2023
Kathar Basha Endra Muthuramalingam,2023
Thuritham,2023
Unnaal Ennaal,2023
Veeran,2023
Bell,2023
Maalai Nera Malipoo,2023
Por Thozhil,2023
Takkar,2023
Valu,2023
Vimanam,2023














